{
    "utterances": [
        {
            "text": "1 apple",
            "entities": [
                {
                    "entity": "item_type:item_type",
                    "start": 2,
                    "end": 7,
                    "body": "apple",
                    "entities": []
                },
                {
                    "entity": "wit$number:number",
                    "start": 0,
                    "end": 1,
                    "body": "1",
                    "entities": []
                }
            ],
            "traits": [],
            "intent": "add_item"
        },
        {
            "text": "12 eggs",
            "entities": [
                {
                    "entity": "item_type:item_type",
                    "start": 3,
                    "end": 6,
                    "body": "egg",
                    "entities": []
                },
                {
                    "entity": "wit$number:number",
                    "start": 0,
                    "end": 2,
                    "body": "12",
                    "entities": []
                }
            ],
            "traits": [],
            "intent": "add_item"
        },
        {
            "text": "2 donuts",
            "entities": [
                {
                    "entity": "item_type:item_type",
                    "start": 2,
                    "end": 7,
                    "body": "donut",
                    "entities": []
                },
                {
                    "entity": "wit$number:number",
                    "start": 0,
                    "end": 2,
                    "body": "2 ",
                    "entities": []
                }
            ],
            "traits": [],
            "intent": "add_item"
        },
        {
            "text": "5 bagels",
            "entities": [
                {
                    "entity": "item_type:item_type",
                    "start": 2,
                    "end": 7,
                    "body": "bagel",
                    "entities": []
                },
                {
                    "entity": "wit$number:number",
                    "start": 0,
                    "end": 1,
                    "body": "5",
                    "entities": []
                }
            ],
            "traits": [],
            "intent": "add_item"
        },
        {
            "text": "6 coconuts",
            "entities": [
                {
                    "entity": "item_type:item_type",
                    "start": 2,
                    "end": 9,
                    "body": "coconut",
                    "entities": []
                },
                {
                    "entity": "wit$number:number",
                    "start": 0,
                    "end": 1,
                    "body": "6",
                    "entities": []
                }
            ],
            "traits": [],
            "intent": "add_item"
        },
        {
            "text": "Assist me, please",
            "entities": [],
            "traits": [],
            "intent": "get_help"
        },
        {
            "text": "CS571 is fun",
            "entities": [],
            "traits": []
        },
        {
            "text": "Can I get some help",
            "entities": [],
            "traits": [],
            "intent": "get_help"
        },
        {
            "text": "Can you show me what's in my cart",
            "entities": [],
            "traits": [],
            "intent": "view_cart"
        },
        {
            "text": "Can you show me what's in stock",
            "entities": [],
            "traits": [],
            "intent": "get_Items"
        },
        {
            "text": "Could you help me out",
            "entities": [],
            "traits": [],
            "intent": "get_help"
        },
        {
            "text": "How can you assist",
            "entities": [],
            "traits": [],
            "intent": "get_help"
        },
        {
            "text": "I am done",
            "entities": [],
            "traits": [],
            "intent": "check_out"
        },
        {
            "text": "I need some help",
            "entities": [],
            "traits": [],
            "intent": "get_help"
        },
        {
            "text": "I'm finished shopping",
            "entities": [],
            "traits": [],
            "intent": "check_out"
        },
        {
            "text": "That's all",
            "entities": [],
            "traits": [],
            "intent": "check_out"
        },
        {
            "text": "What are the items",
            "entities": [],
            "traits": [],
            "intent": "get_Items"
        },
        {
            "text": "What can I buy",
            "entities": [],
            "traits": [],
            "intent": "get_help"
        },
        {
            "text": "What do you have",
            "entities": [],
            "traits": [],
            "intent": "get_Items"
        },
        {
            "text": "What is available",
            "entities": [],
            "traits": [],
            "intent": "get_Items"
        },
        {
            "text": "What items are in my cart",
            "entities": [],
            "traits": [],
            "intent": "view_cart"
        },
        {
            "text": "What items are there",
            "entities": [],
            "traits": [],
            "intent": "get_Items"
        },
        {
            "text": "What items can I get",
            "entities": [],
            "traits": [],
            "intent": "get_Items"
        },
        {
            "text": "What items do you have",
            "entities": [],
            "traits": [],
            "intent": "get_Items"
        },
        {
            "text": "What's for sale",
            "entities": [],
            "traits": [],
            "intent": "get_Items"
        },
        {
            "text": "add 1 apple to my basket",
            "entities": [
                {
                    "entity": "item_type:item_type",
                    "start": 6,
                    "end": 11,
                    "body": "apple",
                    "entities": []
                },
                {
                    "entity": "wit$number:number",
                    "start": 3,
                    "end": 5,
                    "body": " 1",
                    "entities": []
                }
            ],
            "traits": [],
            "intent": "add_item"
        },
        {
            "text": "add 7 apples",
            "entities": [
                {
                    "entity": "item_type:item_type",
                    "start": 6,
                    "end": 11,
                    "body": "apple",
                    "entities": []
                },
                {
                    "entity": "wit$number:number",
                    "start": 4,
                    "end": 5,
                    "body": "7",
                    "entities": []
                }
            ],
            "traits": [],
            "intent": "add_item"
        },
        {
            "text": "add 7 bagels",
            "entities": [
                {
                    "entity": "item_type:item_type",
                    "start": 6,
                    "end": 11,
                    "body": "bagel",
                    "entities": []
                },
                {
                    "entity": "wit$number:number",
                    "start": 4,
                    "end": 5,
                    "body": "7",
                    "entities": []
                }
            ],
            "traits": [],
            "intent": "add_item"
        },
        {
            "text": "add 7 eggs",
            "entities": [
                {
                    "entity": "item_type:item_type",
                    "start": 6,
                    "end": 9,
                    "body": "egg",
                    "entities": []
                },
                {
                    "entity": "wit$number:number",
                    "start": 4,
                    "end": 5,
                    "body": "7",
                    "entities": []
                }
            ],
            "traits": [],
            "intent": "add_item"
        },
        {
            "text": "add a bagel to my basket",
            "entities": [
                {
                    "entity": "item_type:item_type",
                    "start": 6,
                    "end": 11,
                    "body": "bagel",
                    "entities": []
                }
            ],
            "traits": [],
            "intent": "add_item"
        },
        {
            "text": "add a coconut to my basket",
            "entities": [
                {
                    "entity": "item_type:item_type",
                    "start": 6,
                    "end": 13,
                    "body": "coconut",
                    "entities": []
                }
            ],
            "traits": [],
            "intent": "add_item"
        },
        {
            "text": "add a donut to my basket",
            "entities": [
                {
                    "entity": "item_type:item_type",
                    "start": 6,
                    "end": 11,
                    "body": "donut",
                    "entities": []
                }
            ],
            "traits": [],
            "intent": "add_item"
        },
        {
            "text": "add an apple to my basket",
            "entities": [
                {
                    "entity": "item_type:item_type",
                    "start": 7,
                    "end": 12,
                    "body": "apple",
                    "entities": []
                }
            ],
            "traits": [],
            "intent": "add_item"
        },
        {
            "text": "add an egg to my basket",
            "entities": [
                {
                    "entity": "item_type:item_type",
                    "start": 7,
                    "end": 10,
                    "body": "egg",
                    "entities": []
                }
            ],
            "traits": [],
            "intent": "add_item"
        },
        {
            "text": "apple",
            "entities": [
                {
                    "entity": "item_type:item_type",
                    "start": 0,
                    "end": 5,
                    "body": "apple",
                    "entities": []
                }
            ],
            "traits": [],
            "intent": "get_price"
        },
        {
            "text": "apple costs",
            "entities": [
                {
                    "entity": "item_type:item_type",
                    "start": 0,
                    "end": 5,
                    "body": "apple",
                    "entities": []
                }
            ],
            "traits": [],
            "intent": "get_price"
        },
        {
            "text": "bagel",
            "entities": [
                {
                    "entity": "item_type:item_type",
                    "start": 0,
                    "end": 5,
                    "body": "bagel",
                    "entities": []
                }
            ],
            "traits": [],
            "intent": "get_price"
        },
        {
            "text": "bagel costs",
            "entities": [
                {
                    "entity": "item_type:item_type",
                    "start": 0,
                    "end": 5,
                    "body": "bagel",
                    "entities": []
                }
            ],
            "traits": [],
            "intent": "get_price"
        },
        {
            "text": "cart",
            "entities": [],
            "traits": [],
            "intent": "view_cart"
        },
        {
            "text": "check out",
            "entities": [],
            "traits": [],
            "intent": "check_out"
        },
        {
            "text": "checkout",
            "entities": [],
            "traits": [],
            "intent": "check_out"
        },
        {
            "text": "coconut",
            "entities": [
                {
                    "entity": "item_type:item_type",
                    "start": 0,
                    "end": 7,
                    "body": "coconut",
                    "entities": []
                }
            ],
            "traits": [],
            "intent": "get_price"
        },
        {
            "text": "coconut costs",
            "entities": [
                {
                    "entity": "item_type:item_type",
                    "start": 0,
                    "end": 7,
                    "body": "coconut",
                    "entities": []
                }
            ],
            "traits": [],
            "intent": "get_price"
        },
        {
            "text": "delete 4 apples from my cart",
            "entities": [
                {
                    "entity": "item_type:item_type",
                    "start": 9,
                    "end": 14,
                    "body": "apple",
                    "entities": []
                }
            ],
            "traits": [],
            "intent": "remove_item"
        },
        {
            "text": "delete 4 bagels from my cart",
            "entities": [
                {
                    "entity": "item_type:item_type",
                    "start": 9,
                    "end": 14,
                    "body": "bagel",
                    "entities": []
                }
            ],
            "traits": [],
            "intent": "remove_item"
        },
        {
            "text": "delete 4 coconuts from my cart",
            "entities": [
                {
                    "entity": "item_type:item_type",
                    "start": 9,
                    "end": 16,
                    "body": "coconut",
                    "entities": []
                }
            ],
            "traits": [],
            "intent": "remove_item"
        },
        {
            "text": "delete 4 donuts from my cart",
            "entities": [
                {
                    "entity": "item_type:item_type",
                    "start": 9,
                    "end": 14,
                    "body": "donut",
                    "entities": []
                }
            ],
            "traits": [],
            "intent": "remove_item"
        },
        {
            "text": "delete 4 eggs from my cart",
            "entities": [
                {
                    "entity": "item_type:item_type",
                    "start": 9,
                    "end": 12,
                    "body": "egg",
                    "entities": []
                }
            ],
            "traits": [],
            "intent": "remove_item"
        },
        {
            "text": "display cart items",
            "entities": [],
            "traits": [],
            "intent": "view_cart"
        },
        {
            "text": "done",
            "entities": [],
            "traits": [],
            "intent": "check_out"
        },
        {
            "text": "donut",
            "entities": [
                {
                    "entity": "item_type:item_type",
                    "start": 0,
                    "end": 5,
                    "body": "donut",
                    "entities": []
                }
            ],
            "traits": [],
            "intent": "get_price"
        },
        {
            "text": "donut costs",
            "entities": [
                {
                    "entity": "item_type:item_type",
                    "start": 0,
                    "end": 5,
                    "body": "donut",
                    "entities": []
                }
            ],
            "traits": [],
            "intent": "get_price"
        },
        {
            "text": "egg",
            "entities": [
                {
                    "entity": "item_type:item_type",
                    "start": 0,
                    "end": 3,
                    "body": "egg",
                    "entities": []
                }
            ],
            "traits": [],
            "intent": "get_price"
        },
        {
            "text": "egg costs",
            "entities": [
                {
                    "entity": "item_type:item_type",
                    "start": 0,
                    "end": 3,
                    "body": "egg",
                    "entities": []
                }
            ],
            "traits": [],
            "intent": "get_price"
        },
        {
            "text": "finish",
            "entities": [],
            "traits": [],
            "intent": "check_out"
        },
        {
            "text": "finish shopping",
            "entities": [],
            "traits": [],
            "intent": "check_out"
        },
        {
            "text": "fun",
            "entities": [],
            "traits": []
        },
        {
            "text": "get help",
            "entities": [],
            "traits": [],
            "intent": "get_help"
        },
        {
            "text": "help",
            "entities": [],
            "traits": [],
            "intent": "get_help"
        },
        {
            "text": "how much is a bagel",
            "entities": [
                {
                    "entity": "item_type:item_type",
                    "start": 14,
                    "end": 19,
                    "body": "bagel",
                    "entities": []
                }
            ],
            "traits": [],
            "intent": "get_price"
        },
        {
            "text": "how much is a coconut",
            "entities": [
                {
                    "entity": "item_type:item_type",
                    "start": 14,
                    "end": 21,
                    "body": "coconut",
                    "entities": []
                }
            ],
            "traits": [],
            "intent": "get_price"
        },
        {
            "text": "how much is a donut",
            "entities": [
                {
                    "entity": "item_type:item_type",
                    "start": 14,
                    "end": 19,
                    "body": "donut",
                    "entities": []
                }
            ],
            "traits": [],
            "intent": "get_price"
        },
        {
            "text": "how much is an apple",
            "entities": [],
            "traits": [],
            "intent": "get_price"
        },
        {
            "text": "how much is an egg",
            "entities": [
                {
                    "entity": "item_type:item_type",
                    "start": 15,
                    "end": 18,
                    "body": "egg",
                    "entities": []
                }
            ],
            "traits": [],
            "intent": "get_price"
        },
        {
            "text": "items",
            "entities": [],
            "traits": [],
            "intent": "get_Items"
        },
        {
            "text": "put 4 apples in my cart",
            "entities": [
                {
                    "entity": "item_type:item_type",
                    "start": 6,
                    "end": 11,
                    "body": "apple",
                    "entities": []
                },
                {
                    "entity": "wit$number:number",
                    "start": 4,
                    "end": 5,
                    "body": "4",
                    "entities": []
                }
            ],
            "traits": [],
            "intent": "add_item"
        },
        {
            "text": "put 4 coconuts in my cart",
            "entities": [
                {
                    "entity": "item_type:item_type",
                    "start": 6,
                    "end": 13,
                    "body": "coconut",
                    "entities": []
                },
                {
                    "entity": "wit$number:number",
                    "start": 4,
                    "end": 5,
                    "body": "4",
                    "entities": []
                }
            ],
            "traits": [],
            "intent": "add_item"
        },
        {
            "text": "put 4 donuts in my cart",
            "entities": [
                {
                    "entity": "item_type:item_type",
                    "start": 6,
                    "end": 11,
                    "body": "donut",
                    "entities": []
                },
                {
                    "entity": "wit$number:number",
                    "start": 4,
                    "end": 5,
                    "body": "4",
                    "entities": []
                }
            ],
            "traits": [],
            "intent": "add_item"
        },
        {
            "text": "put 4 eggs in my cart",
            "entities": [
                {
                    "entity": "item_type:item_type",
                    "start": 6,
                    "end": 9,
                    "body": "egg",
                    "entities": []
                },
                {
                    "entity": "wit$number:number",
                    "start": 4,
                    "end": 5,
                    "body": "4",
                    "entities": []
                }
            ],
            "traits": [],
            "intent": "add_item"
        },
        {
            "text": "remove 7 apples",
            "entities": [
                {
                    "entity": "item_type:item_type",
                    "start": 9,
                    "end": 14,
                    "body": "apple",
                    "entities": []
                }
            ],
            "traits": [],
            "intent": "remove_item"
        },
        {
            "text": "remove 7 bagels",
            "entities": [
                {
                    "entity": "item_type:item_type",
                    "start": 9,
                    "end": 14,
                    "body": "bagel",
                    "entities": []
                }
            ],
            "traits": [],
            "intent": "remove_item"
        },
        {
            "text": "remove 7 coconuts",
            "entities": [
                {
                    "entity": "item_type:item_type",
                    "start": 9,
                    "end": 16,
                    "body": "coconut",
                    "entities": []
                }
            ],
            "traits": [],
            "intent": "remove_item"
        },
        {
            "text": "remove 7 donuts",
            "entities": [],
            "traits": [],
            "intent": "remove_item"
        },
        {
            "text": "remove 7 eggs",
            "entities": [
                {
                    "entity": "item_type:item_type",
                    "start": 9,
                    "end": 12,
                    "body": "egg",
                    "entities": []
                }
            ],
            "traits": [],
            "intent": "remove_item"
        },
        {
            "text": "remove a bagel from my basket",
            "entities": [
                {
                    "entity": "item_type:item_type",
                    "start": 9,
                    "end": 14,
                    "body": "bagel",
                    "entities": []
                }
            ],
            "traits": [],
            "intent": "remove_item"
        },
        {
            "text": "remove a coconut from my basket",
            "entities": [
                {
                    "entity": "item_type:item_type",
                    "start": 9,
                    "end": 16,
                    "body": "coconut",
                    "entities": []
                }
            ],
            "traits": [],
            "intent": "remove_item"
        },
        {
            "text": "remove a donut from my basket",
            "entities": [
                {
                    "entity": "item_type:item_type",
                    "start": 9,
                    "end": 14,
                    "body": "donut",
                    "entities": []
                }
            ],
            "traits": [],
            "intent": "remove_item"
        },
        {
            "text": "remove an apple from my basket",
            "entities": [
                {
                    "entity": "item_type:item_type",
                    "start": 10,
                    "end": 15,
                    "body": "apple",
                    "entities": []
                }
            ],
            "traits": [],
            "intent": "remove_item"
        },
        {
            "text": "remove an egg from my basket",
            "entities": [
                {
                    "entity": "item_type:item_type",
                    "start": 10,
                    "end": 13,
                    "body": "egg",
                    "entities": []
                }
            ],
            "traits": [],
            "intent": "remove_item"
        },
        {
            "text": "show me my cart",
            "entities": [],
            "traits": [],
            "intent": "view_cart"
        },
        {
            "text": "view cart",
            "entities": [],
            "traits": [],
            "intent": "view_cart"
        },
        {
            "text": "view my cart",
            "entities": [],
            "traits": [],
            "intent": "view_cart"
        },
        {
            "text": "what are the items",
            "entities": [],
            "traits": [],
            "intent": "get_Items"
        },
        {
            "text": "what can i do",
            "entities": [],
            "traits": [],
            "intent": "get_help"
        },
        {
            "text": "what can i get",
            "entities": [],
            "traits": [],
            "intent": "get_Items"
        },
        {
            "text": "what do I have",
            "entities": [],
            "traits": [],
            "intent": "view_cart"
        },
        {
            "text": "what does a bagel cost",
            "entities": [
                {
                    "entity": "item_type:item_type",
                    "start": 12,
                    "end": 17,
                    "body": "bagel",
                    "entities": []
                }
            ],
            "traits": [],
            "intent": "get_price"
        },
        {
            "text": "what does a coconut cost",
            "entities": [
                {
                    "entity": "item_type:item_type",
                    "start": 12,
                    "end": 19,
                    "body": "coconut",
                    "entities": []
                }
            ],
            "traits": [],
            "intent": "get_price"
        },
        {
            "text": "what does a donut cost",
            "entities": [
                {
                    "entity": "item_type:item_type",
                    "start": 12,
                    "end": 17,
                    "body": "donut",
                    "entities": []
                }
            ],
            "traits": [],
            "intent": "get_price"
        },
        {
            "text": "what does an apple cost",
            "entities": [
                {
                    "entity": "item_type:item_type",
                    "start": 13,
                    "end": 18,
                    "body": "apple",
                    "entities": []
                }
            ],
            "traits": [],
            "intent": "get_price"
        },
        {
            "text": "what does an egg cost",
            "entities": [
                {
                    "entity": "item_type:item_type",
                    "start": 13,
                    "end": 16,
                    "body": "egg",
                    "entities": []
                }
            ],
            "traits": [],
            "intent": "get_price"
        },
        {
            "text": "what should i do",
            "entities": [],
            "traits": [],
            "intent": "get_help"
        },
        {
            "text": "what's in my basket",
            "entities": [],
            "traits": [],
            "intent": "view_cart"
        },
        {
            "text": "what's in my cart",
            "entities": [],
            "traits": [],
            "intent": "view_cart"
        },
        {
            "text": "what's the price of a bagel",
            "entities": [
                {
                    "entity": "item_type:item_type",
                    "start": 22,
                    "end": 27,
                    "body": "bagel",
                    "entities": []
                }
            ],
            "traits": [],
            "intent": "get_price"
        },
        {
            "text": "what's the price of a coconut",
            "entities": [
                {
                    "entity": "item_type:item_type",
                    "start": 22,
                    "end": 29,
                    "body": "coconut",
                    "entities": []
                }
            ],
            "traits": [],
            "intent": "get_price"
        },
        {
            "text": "what's the price of a donut",
            "entities": [
                {
                    "entity": "item_type:item_type",
                    "start": 22,
                    "end": 27,
                    "body": "donut",
                    "entities": []
                }
            ],
            "traits": [],
            "intent": "get_price"
        },
        {
            "text": "what's the price of an apple",
            "entities": [
                {
                    "entity": "item_type:item_type",
                    "start": 23,
                    "end": 28,
                    "body": "apple",
                    "entities": []
                }
            ],
            "traits": [],
            "intent": "get_price"
        },
        {
            "text": "what's the price of an egg",
            "entities": [
                {
                    "entity": "item_type:item_type",
                    "start": 23,
                    "end": 26,
                    "body": "egg",
                    "entities": []
                }
            ],
            "traits": [],
            "intent": "get_price"
        }
    ]
}
