{
    "utterances": [
        {
            "text": "I need help",
            "entities": [],
            "traits": [],
            "intent": "get_help"
        },
        {
            "text": "I want an account",
            "entities": [],
            "traits": [],
            "intent": "register"
        },
        {
            "text": "I want to create a post in Engineering Hall Exchange",
            "entities": [
                {
                    "entity": "chatrooms_list:chatrooms_list",
                    "start": 27,
                    "end": 52,
                    "body": "Engineering Hall Exchange",
                    "entities": []
                }
            ],
            "traits": [],
            "intent": "create_message"
        },
        {
            "text": "I want to log in",
            "entities": [],
            "traits": [],
            "intent": "login"
        },
        {
            "text": "I want to log out",
            "entities": [],
            "traits": [],
            "intent": "logout"
        },
        {
            "text": "I want to post to Science Hall Scholars",
            "entities": [
                {
                    "entity": "chatrooms_list:chatrooms_list",
                    "start": 18,
                    "end": 39,
                    "body": "Science Hall Scholars",
                    "entities": []
                }
            ],
            "traits": [],
            "intent": "create_message"
        },
        {
            "text": "I want to see the list of chatrooms",
            "entities": [],
            "traits": [],
            "intent": "get_chatrooms"
        },
        {
            "text": "Who am I logged in as",
            "entities": [],
            "traits": [],
            "intent": "whoami"
        },
        {
            "text": "am I logged in",
            "entities": [],
            "traits": [],
            "intent": "whoami"
        },
        {
            "text": "chatrooms",
            "entities": [],
            "traits": [],
            "intent": "get_chatrooms"
        },
        {
            "text": "chatrooms list",
            "entities": [],
            "traits": [],
            "intent": "get_chatrooms"
        },
        {
            "text": "create a post",
            "entities": [],
            "traits": [],
            "intent": "create_message"
        },
        {
            "text": "get 2 messages",
            "entities": [
                {
                    "entity": "wit$number:number",
                    "start": 4,
                    "end": 5,
                    "body": "2",
                    "entities": []
                }
            ],
            "traits": [],
            "intent": "get_messages"
        },
        {
            "text": "get 3 messages from Kohl Center Kudos",
            "entities": [
                {
                    "entity": "wit$number:number",
                    "start": 4,
                    "end": 5,
                    "body": "3",
                    "entities": []
                },
                {
                    "entity": "chatrooms_list:chatrooms_list",
                    "start": 20,
                    "end": 37,
                    "body": "Kohl Center Kudos",
                    "entities": []
                }
            ],
            "traits": [],
            "intent": "get_messages"
        },
        {
            "text": "get 3 messages from Science Hall Scholars",
            "entities": [
                {
                    "entity": "chatrooms_list:chatrooms_list",
                    "start": 20,
                    "end": 41,
                    "body": "Science Hall Scholars",
                    "entities": []
                },
                {
                    "entity": "wit$number:number",
                    "start": 4,
                    "end": 5,
                    "body": "3",
                    "entities": []
                }
            ],
            "traits": [],
            "intent": "get_messages"
        },
        {
            "text": "get 4 latest messages in Engineering",
            "entities": [
                {
                    "entity": "wit$number:number",
                    "start": 4,
                    "end": 5,
                    "body": "4",
                    "entities": []
                },
                {
                    "entity": "chatrooms_list:chatrooms_list",
                    "start": 25,
                    "end": 36,
                    "body": "Engineering",
                    "entities": []
                }
            ],
            "traits": [],
            "intent": "get_messages"
        },
        {
            "text": "get help",
            "entities": [],
            "traits": [],
            "intent": "get_help"
        },
        {
            "text": "get me an account",
            "entities": [],
            "traits": [],
            "intent": "register"
        },
        {
            "text": "get the latest messages",
            "entities": [],
            "traits": [],
            "intent": "get_messages"
        },
        {
            "text": "give me 4 latest messages",
            "entities": [
                {
                    "entity": "wit$number:number",
                    "start": 8,
                    "end": 9,
                    "body": "4",
                    "entities": []
                }
            ],
            "traits": [],
            "intent": "get_messages"
        },
        {
            "text": "give me a list of chatrooms",
            "entities": [],
            "traits": [],
            "intent": "get_chatrooms"
        },
        {
            "text": "give me the 4 latest posts",
            "entities": [
                {
                    "entity": "wit$number:number",
                    "start": 12,
                    "end": 13,
                    "body": "4",
                    "entities": []
                }
            ],
            "traits": [],
            "intent": "get_messages"
        },
        {
            "text": "give me the 4 latest posts in Lakeshore Path Pioneers",
            "entities": [
                {
                    "entity": "wit$number:number",
                    "start": 12,
                    "end": 13,
                    "body": "4",
                    "entities": []
                },
                {
                    "entity": "chatrooms_list:chatrooms_list",
                    "start": 29,
                    "end": 53,
                    "body": " Lakeshore Path Pioneers",
                    "entities": []
                }
            ],
            "traits": [],
            "intent": "get_messages"
        },
        {
            "text": "help",
            "entities": [],
            "traits": [],
            "intent": "get_help"
        },
        {
            "text": "help me out",
            "entities": [],
            "traits": [],
            "intent": "get_help"
        },
        {
            "text": "help me to log in",
            "entities": [],
            "traits": [],
            "intent": "login"
        },
        {
            "text": "help me to logout",
            "entities": [],
            "traits": [],
            "intent": "logout"
        },
        {
            "text": "help me to register",
            "entities": [],
            "traits": [],
            "intent": "register"
        },
        {
            "text": "help me to sign up",
            "entities": [],
            "traits": [],
            "intent": "register"
        },
        {
            "text": "hwo to login",
            "entities": [],
            "traits": [],
            "intent": "login"
        },
        {
            "text": "let me logout",
            "entities": [],
            "traits": [],
            "intent": "logout"
        },
        {
            "text": "log in",
            "entities": [],
            "traits": [],
            "intent": "login"
        },
        {
            "text": "log in status",
            "entities": [],
            "traits": [],
            "intent": "whoami"
        },
        {
            "text": "log me in",
            "entities": [],
            "traits": [],
            "intent": "login"
        },
        {
            "text": "log me out",
            "entities": [],
            "traits": [],
            "intent": "logout"
        },
        {
            "text": "log out",
            "entities": [],
            "traits": [],
            "intent": "logout"
        },
        {
            "text": "login",
            "entities": [],
            "traits": [],
            "intent": "login"
        },
        {
            "text": "logout",
            "entities": [],
            "traits": [],
            "intent": "logout"
        },
        {
            "text": "make a post",
            "entities": [],
            "traits": [],
            "intent": "create_message"
        },
        {
            "text": "make a post in Kohl Center Kudos",
            "entities": [
                {
                    "entity": "chatrooms_list:chatrooms_list",
                    "start": 15,
                    "end": 32,
                    "body": "Kohl Center Kudos",
                    "entities": []
                }
            ],
            "traits": [],
            "intent": "create_message"
        },
        {
            "text": "make a post in Union South Socials",
            "entities": [
                {
                    "entity": "chatrooms_list:chatrooms_list",
                    "start": 15,
                    "end": 34,
                    "body": "Union South Socials",
                    "entities": []
                }
            ],
            "traits": [],
            "intent": "create_message"
        },
        {
            "text": "messages",
            "entities": [],
            "traits": [],
            "intent": "get_messages"
        },
        {
            "text": "post a message to picnic point pathfinders",
            "entities": [
                {
                    "entity": "chatrooms_list:chatrooms_list",
                    "start": 18,
                    "end": 42,
                    "body": "picnic point pathfinders",
                    "entities": []
                }
            ],
            "traits": [],
            "intent": "create_message"
        },
        {
            "text": "register",
            "entities": [],
            "traits": [],
            "intent": "register"
        },
        {
            "text": "sign me up",
            "entities": [],
            "traits": [],
            "intent": "register"
        },
        {
            "text": "what are the 4 latest posts in Picnic Point Pathfinders",
            "entities": [
                {
                    "entity": "wit$number:number",
                    "start": 13,
                    "end": 14,
                    "body": "4",
                    "entities": []
                },
                {
                    "entity": "chatrooms_list:chatrooms_list",
                    "start": 31,
                    "end": 55,
                    "body": "Picnic Point Pathfinders",
                    "entities": []
                }
            ],
            "traits": [],
            "intent": "get_messages"
        },
        {
            "text": "what are the 4 latest posts in Union South Socials",
            "entities": [
                {
                    "entity": "wit$number:number",
                    "start": 13,
                    "end": 14,
                    "body": "4",
                    "entities": []
                },
                {
                    "entity": "chatrooms_list:chatrooms_list",
                    "start": 31,
                    "end": 50,
                    "body": "Union South Socials",
                    "entities": []
                }
            ],
            "traits": [],
            "intent": "get_messages"
        },
        {
            "text": "what are the available chatrooms",
            "entities": [],
            "traits": [],
            "intent": "get_help"
        },
        {
            "text": "what can I do",
            "entities": [],
            "traits": [],
            "intent": "get_help"
        },
        {
            "text": "what chatrooms are there",
            "entities": [],
            "traits": [],
            "intent": "get_chatrooms"
        },
        {
            "text": "what chatrooms can I use",
            "entities": [],
            "traits": [],
            "intent": "get_chatrooms"
        },
        {
            "text": "what should I do",
            "entities": [],
            "traits": [],
            "intent": "get_help"
        },
        {
            "text": "who am I",
            "entities": [],
            "traits": [],
            "intent": "whoami"
        }
    ]
}
